<?xml version="1.0" encoding="UTF-8"?>
<GenRun Id="impl_1" LaunchPart="xc7a200tsbv484-3" LaunchTime="1718458418">
  <File Type="ROUTE-PWR" Name="constant_multiplier_power_routed.rpt"/>
  <File Type="PA-TCL" Name="constant_multiplier.tcl"/>
  <File Type="ROUTE-PWR-SUM" Name="constant_multiplier_power_summary_routed.pb"/>
  <File Type="REPORTS-TCL" Name="constant_multiplier_reports.tcl"/>
  <File Type="BITSTR-MSK" Name="constant_multiplier.msk"/>
  <File Type="ROUTE-CLK" Name="constant_multiplier_clock_utilization_routed.rpt"/>
  <File Type="RDI-RDI" Name="constant_multiplier.vdi"/>
  <File Type="POSTROUTE-PHYSOPT-BUS-SKEW-PB" Name="constant_multiplier_bus_skew_postroute_physopted.pb"/>
  <File Type="BG-BIT" Name="constant_multiplier.bit"/>
  <File Type="BG-DRC" Name="constant_multiplier.drc"/>
  <File Type="BG-BGN" Name="constant_multiplier.bgn"/>
  <File Type="BG-BIN" Name="constant_multiplier.bin"/>
  <File Type="BITSTR-RBT" Name="constant_multiplier.rbt"/>
  <File Type="BITSTR-NKY" Name="constant_multiplier.nky"/>
  <File Type="BITSTR-BMM" Name="constant_multiplier_bd.bmm"/>
  <File Type="BITSTR-MMI" Name="constant_multiplier.mmi"/>
  <File Type="ROUTE-METHODOLOGY-DRC" Name="constant_multiplier_methodology_drc_routed.rpt"/>
  <File Type="BITSTR-SYSDEF" Name="constant_multiplier.sysdef"/>
  <File Type="ROUTE-METHODOLOGY-DRC-PB" Name="constant_multiplier_methodology_drc_routed.pb"/>
  <File Type="BITSTR-LTX" Name="debug_nets.ltx"/>
  <File Type="BITSTR-LTX" Name="constant_multiplier.ltx"/>
  <File Type="BOOT-PDI-FILE" Name="constant_multiplier_boot.pdi"/>
  <File Type="WBT-USG" Name="usage_statistics_webtalk.html"/>
  <File Type="NPI_FILE" Name="constant_multiplier.npi"/>
  <File Type="OPT-DRC" Name="constant_multiplier_drc_opted.rpt"/>
  <File Type="RBD_FILE" Name="constant_multiplier.rbd"/>
  <File Type="OPT-HWDEF" Name="constant_multiplier.hwdef"/>
  <File Type="PLACE-IO" Name="constant_multiplier_io_placed.rpt"/>
  <File Type="PLACE-UTIL" Name="constant_multiplier_utilization_placed.rpt"/>
  <File Type="PLACE-UTIL-PB" Name="constant_multiplier_utilization_placed.pb"/>
  <File Type="PLACE-CTRL" Name="constant_multiplier_control_sets_placed.rpt"/>
  <File Type="PLACE-PRE-SIMILARITY" Name="constant_multiplier_incremental_reuse_pre_placed.rpt"/>
  <File Type="ROUTE-DRC" Name="constant_multiplier_drc_routed.rpt"/>
  <File Type="ROUTE-DRC-PB" Name="constant_multiplier_drc_routed.pb"/>
  <File Type="ROUTE-PWR-RPX" Name="constant_multiplier_power_routed.rpx"/>
  <File Type="ROUTE-STATUS" Name="constant_multiplier_route_status.rpt"/>
  <File Type="ROUTE-STATUS-PB" Name="constant_multiplier_route_status.pb"/>
  <File Type="ROUTE-DCP" Name="constant_multiplier_routed.dcp"/>
  <File Type="ROUTE-ERROR-DCP" Name="constant_multiplier_routed_error.dcp"/>
  <File Type="ROUTE-BLACKBOX-DCP" Name="constant_multiplier_routed_bb.dcp"/>
  <File Type="ROUTE-TIMINGSUMMARY" Name="constant_multiplier_timing_summary_routed.rpt"/>
  <File Type="ROUTE-TIMING-PB" Name="constant_multiplier_timing_summary_routed.pb"/>
  <File Type="ROUTE-TIMING-RPX" Name="constant_multiplier_timing_summary_routed.rpx"/>
  <File Type="ROUTE-SIMILARITY" Name="constant_multiplier_incremental_reuse_routed.rpt"/>
  <File Type="ROUTE-BUS-SKEW" Name="constant_multiplier_bus_skew_routed.rpt"/>
  <File Type="ROUTE-BUS-SKEW-PB" Name="constant_multiplier_bus_skew_routed.pb"/>
  <File Type="ROUTE-BUS-SKEW-RPX" Name="constant_multiplier_bus_skew_routed.rpx"/>
  <File Type="OPT-DCP" Name="constant_multiplier_opt.dcp"/>
  <File Type="PLACE-DCP" Name="constant_multiplier_placed.dcp"/>
  <File Type="PWROPT-DCP" Name="constant_multiplier_pwropt.dcp"/>
  <File Type="POSTPLACE-PWROPT-DCP" Name="constant_multiplier_postplace_pwropt.dcp"/>
  <File Type="PHYSOPT-DCP" Name="constant_multiplier_physopt.dcp"/>
  <File Type="POSTROUTE-PHYSOPT-DCP" Name="constant_multiplier_postroute_physopt.dcp"/>
  <File Type="POSTROUTE-PHYSOPT-BLACKBOX-DCP" Name="constant_multiplier_postroute_physopt_bb.dcp"/>
  <File Type="POSTROUTE-PHYSOPT-TIMING" Name="constant_multiplier_timing_summary_postroute_physopted.rpt"/>
  <File Type="POSTROUTE-PHYSOPT-TIMING-PB" Name="constant_multiplier_timing_summary_postroute_physopted.pb"/>
  <File Type="POSTROUTE-PHYSOPT-TIMING-RPX" Name="constant_multiplier_timing_summary_postroute_physopted.rpx"/>
  <File Type="POSTROUTE-PHYSOPT-BUS-SKEW" Name="constant_multiplier_bus_skew_postroute_physopted.rpt"/>
  <File Type="POSTROUTE-PHYSOPT-BUS-SKEW-RPX" Name="constant_multiplier_bus_skew_postroute_physopted.rpx"/>
  <File Type="ROUTE-DRC-RPX" Name="constant_multiplier_drc_routed.rpx"/>
  <File Type="ROUTE-METHODOLOGY-DRC-RPX" Name="constant_multiplier_methodology_drc_routed.rpx"/>
  <File Type="PDI-FILE" Name="constant_multiplier.pdi"/>
  <File Type="PL-PDI-FILE" Name="constant_multiplier_pld.pdi"/>
  <File Type="RCFI_FILE" Name="constant_multiplier.rcfi"/>
  <File Type="CFI_FILE" Name="constant_multiplier.cfi"/>
  <File Type="RNPI_FILE" Name="constant_multiplier.rnpi"/>
  <File Type="ROUTE-RQS" Name="constant_multiplier_routed.rqs"/>
  <File Type="POSTROUTE-PHYSOPT-RQS" Name="constant_multiplier_postroute_physopted.rqs"/>
  <File Type="ROUTE-RQS-RPT" Name="route_report_qor_suggestions_0.rpt"/>
  <File Type="POSTROUTE-PHYSOPT-RQS-RPT" Name="postroute_physopt_report_qor_suggestions_0.rpt"/>
  <FileSet Name="sources" Type="DesignSrcs" RelSrcDir="$PSRCDIR/sources_1" RelGenDir="$PGENDIR/sources_1">
    <Filter Type="Srcs"/>
    <File Path="$PSRCDIR/sources_1/new/main.v">
      <FileInfo>
        <Attr Name="UsedIn" Val="synthesis"/>
        <Attr Name="UsedIn" Val="implementation"/>
        <Attr Name="UsedIn" Val="simulation"/>
      </FileInfo>
    </File>
    <Config>
      <Option Name="DesignMode" Val="RTL"/>
      <Option Name="TopModule" Val="constant_multiplier"/>
      <Option Name="TopAutoSet" Val="TRUE"/>
    </Config>
  </FileSet>
  <FileSet Name="constrs_in" Type="Constrs" RelSrcDir="$PSRCDIR/constrs_1" RelGenDir="$PGENDIR/constrs_1">
    <Filter Type="Constrs"/>
    <Config>
      <Option Name="ConstrsType" Val="XDC"/>
    </Config>
  </FileSet>
  <FileSet Name="utils" Type="Utils" RelSrcDir="$PSRCDIR/utils_1" RelGenDir="$PGENDIR/utils_1">
    <Filter Type="Utils"/>
    <File Path="$PSRCDIR/utils_1/imports/synth_1/constant_multiplier.dcp">
      <FileInfo>
        <Attr Name="UsedIn" Val="synthesis"/>
        <Attr Name="UsedIn" Val="implementation"/>
        <Attr Name="UsedInSteps" Val="synth_1"/>
        <Attr Name="AutoDcp" Val="1"/>
      </FileInfo>
    </File>
    <Config>
      <Option Name="TopAutoSet" Val="TRUE"/>
    </Config>
  </FileSet>
  <Strategy Version="1" Minor="2">
    <StratHandle Name="Vivado Implementation Defaults" Flow="Vivado Implementation 2023"/>
    <Step Id="init_design"/>
    <Step Id="opt_design"/>
    <Step Id="power_opt_design"/>
    <Step Id="place_design"/>
    <Step Id="post_place_power_opt_design"/>
    <Step Id="phys_opt_design"/>
    <Step Id="route_design"/>
    <Step Id="post_route_phys_opt_design"/>
    <Step Id="write_bitstream"/>
    <Step Id="write_device_image"/>
  </Strategy>
</GenRun>
