<?xml version="1.0" encoding="UTF-8"?>
<GenRun Id="impl_1" LaunchPart="xc7a200tsbv484-3" LaunchTime="1718359631">
  <File Type="ROUTE-PWR" Name="multiplier_32bit_power_routed.rpt"/>
  <File Type="PA-TCL" Name="multiplier_32bit.tcl"/>
  <File Type="ROUTE-PWR-SUM" Name="multiplier_32bit_power_summary_routed.pb"/>
  <File Type="REPORTS-TCL" Name="multiplier_32bit_reports.tcl"/>
  <File Type="BITSTR-MSK" Name="multiplier_32bit.msk"/>
  <File Type="ROUTE-CLK" Name="multiplier_32bit_clock_utilization_routed.rpt"/>
  <File Type="RDI-RDI" Name="multiplier_32bit.vdi"/>
  <File Type="ROUTE-BUS-SKEW" Name="multiplier_32bit_bus_skew_routed.rpt"/>
  <File Type="PA-DCP" Name="multiplier_32bit.dcp"/>
  <File Type="POSTROUTE-PHYSOPT-BUS-SKEW-PB" Name="multiplier_32bit_bus_skew_postroute_physopted.pb"/>
  <File Type="BG-BIT" Name="multiplier_32bit.bit"/>
  <File Type="BG-DRC" Name="multiplier_32bit.drc"/>
  <File Type="BG-BGN" Name="multiplier_32bit.bgn"/>
  <File Type="BG-BIN" Name="multiplier_32bit.bin"/>
  <File Type="BITSTR-RBT" Name="multiplier_32bit.rbt"/>
  <File Type="BITSTR-NKY" Name="multiplier_32bit.nky"/>
  <File Type="BITSTR-BMM" Name="multiplier_32bit_bd.bmm"/>
  <File Type="BITSTR-MMI" Name="multiplier_32bit.mmi"/>
  <File Type="BITSTR-SYSDEF" Name="multiplier_32bit.sysdef"/>
  <File Type="BITSTR-LTX" Name="debug_nets.ltx"/>
  <File Type="BITSTR-LTX" Name="multiplier_32bit.ltx"/>
  <File Type="WBT-USG" Name="usage_statistics_webtalk.html"/>
  <File Type="OPT-DRC" Name="multiplier_32bit_drc_opted.rpt"/>
  <File Type="OPT-HWDEF" Name="multiplier_32bit.hwdef"/>
  <File Type="PLACE-IO" Name="multiplier_32bit_io_placed.rpt"/>
  <File Type="PLACE-UTIL" Name="multiplier_32bit_utilization_placed.rpt"/>
  <File Type="PLACE-UTIL-PB" Name="multiplier_32bit_utilization_placed.pb"/>
  <File Type="PLACE-CTRL" Name="multiplier_32bit_control_sets_placed.rpt"/>
  <File Type="PLACE-PRE-SIMILARITY" Name="multiplier_32bit_incremental_reuse_pre_placed.rpt"/>
  <File Type="ROUTE-DRC" Name="multiplier_32bit_drc_routed.rpt"/>
  <File Type="ROUTE-DRC-PB" Name="multiplier_32bit_drc_routed.pb"/>
  <File Type="ROUTE-PWR-RPX" Name="multiplier_32bit_power_routed.rpx"/>
  <File Type="ROUTE-STATUS" Name="multiplier_32bit_route_status.rpt"/>
  <File Type="ROUTE-STATUS-PB" Name="multiplier_32bit_route_status.pb"/>
  <File Type="ROUTE-DCP" Name="multiplier_32bit_routed.dcp"/>
  <File Type="ROUTE-ERROR-DCP" Name="multiplier_32bit_routed_error.dcp"/>
  <File Type="ROUTE-BLACKBOX-DCP" Name="multiplier_32bit_routed_bb.dcp"/>
  <File Type="ROUTE-TIMINGSUMMARY" Name="multiplier_32bit_timing_summary_routed.rpt"/>
  <File Type="ROUTE-TIMING-PB" Name="multiplier_32bit_timing_summary_routed.pb"/>
  <File Type="ROUTE-TIMING-RPX" Name="multiplier_32bit_timing_summary_routed.rpx"/>
  <File Type="ROUTE-SIMILARITY" Name="multiplier_32bit_incremental_reuse_routed.rpt"/>
  <File Type="ROUTE-BUS-SKEW-PB" Name="multiplier_32bit_bus_skew_routed.pb"/>
  <File Type="ROUTE-BUS-SKEW-RPX" Name="multiplier_32bit_bus_skew_routed.rpx"/>
  <File Type="OPT-DCP" Name="multiplier_32bit_opt.dcp"/>
  <File Type="PLACE-DCP" Name="multiplier_32bit_placed.dcp"/>
  <File Type="PWROPT-DCP" Name="multiplier_32bit_pwropt.dcp"/>
  <File Type="POSTPLACE-PWROPT-DCP" Name="multiplier_32bit_postplace_pwropt.dcp"/>
  <File Type="PHYSOPT-DCP" Name="multiplier_32bit_physopt.dcp"/>
  <File Type="POSTROUTE-PHYSOPT-DCP" Name="multiplier_32bit_postroute_physopt.dcp"/>
  <File Type="POSTROUTE-PHYSOPT-BLACKBOX-DCP" Name="multiplier_32bit_postroute_physopt_bb.dcp"/>
  <File Type="POSTROUTE-PHYSOPT-TIMING" Name="multiplier_32bit_timing_summary_postroute_physopted.rpt"/>
  <File Type="POSTROUTE-PHYSOPT-TIMING-PB" Name="multiplier_32bit_timing_summary_postroute_physopted.pb"/>
  <File Type="POSTROUTE-PHYSOPT-TIMING-RPX" Name="multiplier_32bit_timing_summary_postroute_physopted.rpx"/>
  <File Type="POSTROUTE-PHYSOPT-BUS-SKEW" Name="multiplier_32bit_bus_skew_postroute_physopted.rpt"/>
  <File Type="POSTROUTE-PHYSOPT-BUS-SKEW-RPX" Name="multiplier_32bit_bus_skew_postroute_physopted.rpx"/>
  <File Type="ROUTE-METHODOLOGY-DRC" Name="multiplier_32bit_methodology_drc_routed.rpt"/>
  <File Type="ROUTE-METHODOLOGY-DRC-PB" Name="multiplier_32bit_methodology_drc_routed.pb"/>
  <File Type="ROUTE-DRC-RPX" Name="multiplier_32bit_drc_routed.rpx"/>
  <File Type="ROUTE-METHODOLOGY-DRC-RPX" Name="multiplier_32bit_methodology_drc_routed.rpx"/>
  <File Type="PDI-FILE" Name="multiplier_32bit.pdi"/>
  <File Type="BOOT-PDI-FILE" Name="multiplier_32bit_boot.pdi"/>
  <File Type="PL-PDI-FILE" Name="multiplier_32bit_pld.pdi"/>
  <File Type="RCFI_FILE" Name="multiplier_32bit.rcfi"/>
  <File Type="CFI_FILE" Name="multiplier_32bit.cfi"/>
  <File Type="RNPI_FILE" Name="multiplier_32bit.rnpi"/>
  <File Type="NPI_FILE" Name="multiplier_32bit.npi"/>
  <File Type="RBD_FILE" Name="multiplier_32bit.rbd"/>
  <File Type="ROUTE-RQS" Name="multiplier_32bit_routed.rqs"/>
  <File Type="POSTROUTE-PHYSOPT-RQS" Name="multiplier_32bit_postroute_physopted.rqs"/>
  <File Type="ROUTE-RQS-RPT" Name="route_report_qor_suggestions_0.rpt"/>
  <File Type="POSTROUTE-PHYSOPT-RQS-RPT" Name="postroute_physopt_report_qor_suggestions_0.rpt"/>
  <FileSet Name="sources" Type="DesignSrcs" RelSrcDir="$PSRCDIR/sources_1" RelGenDir="$PGENDIR/sources_1">
    <Filter Type="Srcs"/>
    <File Path="$PSRCDIR/sources_1/new/pro.v">
      <FileInfo>
        <Attr Name="UsedIn" Val="synthesis"/>
        <Attr Name="UsedIn" Val="implementation"/>
        <Attr Name="UsedIn" Val="simulation"/>
      </FileInfo>
    </File>
    <Config>
      <Option Name="DesignMode" Val="RTL"/>
      <Option Name="TopModule" Val="multiplier_32bit"/>
      <Option Name="TopAutoSet" Val="TRUE"/>
    </Config>
  </FileSet>
  <FileSet Name="constrs_in" Type="Constrs" RelSrcDir="$PSRCDIR/constrs_1" RelGenDir="$PGENDIR/constrs_1">
    <Filter Type="Constrs"/>
    <Config>
      <Option Name="ConstrsType" Val="XDC"/>
    </Config>
  </FileSet>
  <FileSet Name="utils" Type="Utils" RelSrcDir="$PSRCDIR/utils_1" RelGenDir="$PGENDIR/utils_1">
    <Filter Type="Utils"/>
    <File Path="$PSRCDIR/utils_1/imports/synth_1/multiplier_32bit.dcp">
      <FileInfo>
        <Attr Name="UsedIn" Val="synthesis"/>
        <Attr Name="UsedIn" Val="implementation"/>
        <Attr Name="UsedInSteps" Val="synth_1"/>
        <Attr Name="AutoDcp" Val="1"/>
      </FileInfo>
    </File>
    <Config>
      <Option Name="TopAutoSet" Val="TRUE"/>
    </Config>
  </FileSet>
  <Strategy Version="1" Minor="2">
    <StratHandle Name="Vivado Implementation Defaults" Flow="Vivado Implementation 2023"/>
    <Step Id="init_design"/>
    <Step Id="opt_design"/>
    <Step Id="power_opt_design"/>
    <Step Id="place_design"/>
    <Step Id="post_place_power_opt_design"/>
    <Step Id="phys_opt_design"/>
    <Step Id="route_design"/>
    <Step Id="post_route_phys_opt_design"/>
    <Step Id="write_bitstream"/>
    <Step Id="write_device_image"/>
  </Strategy>
</GenRun>
